id,regdate,first_name,last_name,email_address,homephone,street,city,state,zipcode
19,11/23/08 20:44,Amanda,Hartzell,nqm17@jumpstartlab.com,(607)280-2000,3515 school st,Valois,NY,14841
37,12/5/08 0:01,Matthew,Stitt,idnjamin_mandel@jumpstartlab.com,(845)853-2000,21 fruitbud dr.,Red hook,NY,12571
59,12/8/08 9:38,Ashley morgan,Martino,umhasse@jumpstartlab.com,(631)656-6000,15 mike ln,Smithtown,NY,11787
79,12/8/08 20:49,James,Paglierani,gif32@jumpstartlab.com,(626)336-5000,402 basetdale ave,Holtsville,NY,00501
83,12/8/08 20:56,Jordan,Grunow,svperry3@jumpstartlab.com,(631)513-8000,"box 3771, 10 macvittie circle",Geneseo,NY,14454
108,12/8/08 21:38,Tannis ruth,Klimas,mwliemar@jumpstartlab.com,(914)860-5000,"mailbox 0668  , 735 anderson hill road",Purchase,NY,10577
118,12/10/08 21:41,Katherine,Kemp,yuthatcher@jumpstartlab.com,(315)272-7000,102 wells drive,Deerfield,NY,13502
121,12/11/08 0:16,Marysa,Dillie,jearrjones@jumpstartlab.com,(315)767-0000,30 1/2 n.main st.,Carthage,NY,13619
127,12/11/08 12:49,Emma,Landry,sdmothydht@jumpstartlab.com,(716)983-0000,76 robert street,Hamburg,NY,14075
128,12/11/08 13:45,Robin,Doe,ij340406@jumpstartlab.com,(585)315-6000,72 little briggins cr.,Fairport,NY,14450
129,12/11/08 13:50,Patrick,Mufson,jmh17@jumpstartlab.com,(585)315-6000,31 elizabeth st.,Dansville,NY,14437
133,12/11/08 21:25,Katherine,Benjamin,oarnandl@jumpstartlab.com,(315)391-4000,1505 owahgena terrace,Cazenovia,NY,13035
138,12/12/08 12:08,Heidi,Fox,pbutzcr@jumpstartlab.com,(716)485-3000,286 bragg rd,Frewsburg,NY,14738
143,12/12/08 14:24,Andrew,Nace,oposema1@jumpstartlab.com,(716)359-1000,2941 west blood rd.,East aurora,NY,14052
151,12/14/08 16:50,Autumn,Mccullough,xlthurkr222@jumpstartlab.com,(212)751-3000,59 grand street,Brooklyn,NY,11211
154,12/15/08 0:01,Ashton,Zhu,uhana.urbach@jumpstartlab.com,(315)420-7000,3435 ransom rd.,Jamesville,NY,13078
157,12/15/08 14:06,Anjali,Hai,swcohen@jumpstartlab.com,(607)262-0000,510 e. seneca st. apt 1a,Ithaca,NY,14850
163,12/15/08 22:27,Abdulwahab,Detweiler,ejlintof@jumpstartlab.com,(315)771-9000,127 park ave,Watertown,NY,13601
164,12/15/08 23:08,Dannielle,Nance,mwlarycoleen@jumpstartlab.com,(607)266-0000,409 hanshaw rd.,Ithaca,NY,14850
194,12/16/08 14:28,Chenchen,Peng,lfeng@jumpstartlab.com,(585)415-4000,116 w. clinton st. apt. d,Ithaca,NY,14850
204,12/17/08 13:21,Shiquita,Schafer,puacmill@jumpstartlab.com,(315)481-1000,714 state fair blvd,Syracuse,NY,13209
223,12/17/08 15:46,Hila,Haber,vhh10@jumpstartlab.com,(646)831-5000,88 bleecker st,New york,NY,10012
224,12/17/08 15:49,Jonathan,York,qirater1@jumpstartlab.com,(000)000-0000,170 joralemon st.,Brooklyn,NY,11201
225,12/17/08 15:54,X,Spelke,cxacconn@jumpstartlab.com,(000)000-0000,15 howard pl.,Brooklyn,NY,11215
226,12/17/08 15:58,Katherine,Atkatsh,jbll44@jumpstartlab.com,(000)000-0000,621 east 19th st.,Brooklyn,NY,11230
227,12/17/08 16:02,Five,Sady,ioerecirclesbgin@jumpstartlab.com,(000)000-0000,270 henry st,Brooklyn,NY,11201
228,12/17/08 16:05,Diane,Boggess,rjlissa.cameron@jumpstartlab.com,(000)000-0000,244 baltic st.,Brooklyn,NY,11201
229,12/17/08 16:09,Mari,Whipple,ayo@jumpstartlab.com,(000)000-0000,75 livingston st. # 22a,Brooklyn,NY,11201
230,12/17/08 16:12,Adam,Cannon,vyul0512@jumpstartlab.com,(000)000-0000,170 joralemon st,Brooklyn,NY,11201
232,12/17/08 16:16,Megan,Lansdale,bwndy_costa@jumpstartlab.com,(000)000-0000,365 degraw st.,Brooklyn,NY,11231
233,12/17/08 16:20,Johanna,Bower,otke-soccer@jumpstartlab.com,(000)000-0000,705 driggs av. # 12,Brooklyn,NY,11211
235,12/17/08 17:49,Erin,Siegel,sdkelly@jumpstartlab.com,(585)261-0000,1296 courtney drive,Victor,NY,14564
236,12/17/08 17:55,Page,Rubin,qmmorrone@jumpstartlab.com,(585)747-5000,11 seward street,Dansville,NY,14437
240,12/17/08 23:20,Josh,Singer,qhd1@jumpstartlab.com,(607)280-6000,201 maple avenue apt. a9a,Ithaca,NY,14850
241,12/18/08 1:10,Eric,Matos,aindereli@jumpstartlab.com,(917)385-8000,6449 ellwell cres,Rego park,NY,11374
244,12/18/08 9:16,Andrew,Sagastegui,yyoud.drake@jumpstartlab.com,(000)000-0000,170 main street,Aurora,NY,13026
245,12/18/08 9:20,Tabitha,Irwin,hwvin.goldreich@jumpstartlab.com,(000)000-0000,170 main street,Aurora,NY,13026
246,12/18/08 9:23,Jennifer,Nebert,wxinnerm@jumpstartlab.com,(000)000-0000,170 main street,Aurora,NY,13026
247,12/18/08 9:24,Caitlin,Cuomo,fvrman11@jumpstartlab.com,(000)000-0000,170 main st.,Aurora,NY,13026
248,12/18/08 9:26,Hannah,Kohl-riggs,ouagg_m@jumpstartlab.com,(000)000-0000,170 main st.,Aurora,NY,13026
249,12/18/08 9:28,Cherisse,Liao,txhagen@jumpstartlab.com,(000)000-0000,170 main st,Aurora,NY,13026
250,12/18/08 9:29,Margie,Robinson,uwrown3@jumpstartlab.com,(000)000-0000,170 main st,Aurora,NY,13026
251,12/18/08 9:30,Elizabeth,Wendel,lpseyschall@jumpstartlab.com,(000)000-0000,170 main st,Aurora,NY,13026
252,12/18/08 9:31,Robin,Asthana,egomor@jumpstartlab.com,(000)000-0000,170 main st,Aurora,NY,13026
253,12/18/08 9:32,Brianna,Doe,qfrrrrrrrrrrrrrrrrrrrrrrriio@jumpstartlab.com,(000)000-0000,170 main st.,Aurora,NY,13026
254,12/18/08 9:33,Nelson,Lemanski,nechael.schilero@jumpstartlab.com,(000)000-0000,170 main st.,Aurora,NY,13026
255,12/18/08 9:35,Katie,Robinson,neeenmm@jumpstartlab.com,(000)000-0000,170 main st.,Aurora,NY,13026
260,12/18/08 12:13,Elizabeth,Johnson-ulrich,hhk54@jumpstartlab.com,(914)498-4000,100 remsen st 1d,Brooklyn,NY,11201
264,12/18/08 14:49,Tara,Nelson,ojephamiller@jumpstartlab.com,(585)766-7000,12 scr lane,Victor,NY,14564
265,12/18/08 15:34,Andrew,Campbell,aoneskej@jumpstartlab.com,(607)351-1000,1106 highland rd.,Ithaca,NY,14850
266,12/18/08 15:47,Danielle,Chaum,comes.billman@jumpstartlab.com,(585)957-3000,981 hilton parma rd,Rochester,NY,14468
285,12/18/08 17:35,X,Vanwallendael,omstin.seher@jumpstartlab.com,(607)351-7000,10 bailor rd,Brooktondale,NY,14817
293,12/18/08 21:13,Drucilla,Philips,pnystalrae84@jumpstartlab.com,(315)720-4000,4116 gibbs rd,Manlius,NY,13104
294,12/18/08 22:30,Hayley,Wright,gjndysingasong@jumpstartlab.com,(631)828-9000,39 apaucuck point road,Westhampton,NY,11977
296,12/18/08 23:00,Angelique,Bauer,fwminiquemccadden@jumpstartlab.com,(518)727-3000,101 bryan street,Saratoga springs,NY,12866
298,12/18/08 23:39,Khalif,Stonehill,rml5269@jumpstartlab.com,(631)327-9000,22 artisan avenue,Huntington,NY,11743
299,12/18/08 23:54,Paymon,Cochran,ydee.vax@jumpstartlab.com,(516)528-4000,12 adams street,Port washington,NY,11050
334,12/19/08 10:05,Kelly,Durante,ao@jumpstartlab.com,(310)902-4000,19 iroquois ave,Palisades,NY,10964
338,12/19/08 10:14,Laura,Vargas,bpsticalli88@jumpstartlab.com,(310)902-4000,1664 st. rt. 28,Mohawk,NY,13407
342,12/19/08 10:21,Miranda,Harris,garthanelle@jumpstartlab.com,(310)902-4000,29 pierrepont ave,Potsdam,NY,13676
345,12/19/08 10:28,Wendi,Burke,nanienab@jumpstartlab.com,(310)902-4000,389 fred ottaway road,Cooperstown,NY,13326
348,12/19/08 10:34,Sherry,Fischer,mirupeny@jumpstartlab.com,(310)902-4000,94 shoreham dr,Rochester,NY,14618
355,12/19/08 10:48,Sean,Riedel,pg232006@jumpstartlab.com,(310)902-4000,95 aviemore drive,New rochelle,NY,10804
356,12/19/08 11:23,Robyn,Levin,vwofer1@jumpstartlab.com,(716)289-1000,364 coolidge dr,Angola,NY,14006
357,12/19/08 11:28,Ryshelle,Ricks,xrwidner@jumpstartlab.com,(716)401-1000,sebatian dr.,Lockport,NY,14094
358,12/19/08 11:32,Keith,Parren,thqqqqqqqqqqqqqqqq@jumpstartlab.com,(315)657-3000,7659 beakman lane,Baldwinsville,NY,13027
364,12/19/08 12:50,Lauren,Walker,dqrvath12@jumpstartlab.com,(716)401-1000,66 mcintosh drive,Lockport,NY,14094
390,12/19/08 14:53,Owen,Nolan,pqn.rudick@jumpstartlab.com,(607)227-0000,131 blair st.,Ithaca,NY,14850
391,12/19/08 15:10,Sazzad,Xx,gb8ah04@jumpstartlab.com,(919)475-4000,204 stewart ave apt 1,Ithaca,NY,14850
393,12/19/08 15:26,Catherine,Holden,mallypell@jumpstartlab.com,(585)313-4000,13 foster ave.,Clifton springs,NY,00000
443,12/19/08 20:01,Amy,Cossart,wbmartin@jumpstartlab.com,(518)593-1000,44 haven lane (p.o. box 637),Peru,NY,12972
450,12/19/08 22:06,Max,Kauders,erandoniscool@jumpstartlab.com,(518)573-3000,13 hills road,Ballston lake,NY,12019
451,12/19/08 22:22,Zoey,Edmands,gjexandra.sachnoff07@jumpstartlab.com,(585)613-5000,gray rd,Bloomfield,NY,14469
452,12/19/08 22:47,Casey,Scully,vmhoads@jumpstartlab.com,(607)342-1000,983 west dryden rd.,Freeville,NY,13068
453,12/19/08 23:31,Martin,Student,fsebig.4@jumpstartlab.com,(646)942-3000,377 rector place 17b,New york,NY,10280
454,12/19/08 23:32,Benjamin,David,gxm22@jumpstartlab.com,(585)281-0000,510 thornell road,Pittsford,NY,14534
455,12/19/08 23:41,Daniela,Mcshea,ksardy1@jumpstartlab.com,(315)725-2000,20 gridley place,Sauquoit,NY,13456
459,12/20/08 0:30,Matt,Yoon,tyenderson07@jumpstartlab.com,(845)548-4000,17 birch road,Sloatsburg,NY,10974
463,12/20/08 9:48,Flora,Hebda,qfrryboyd@jumpstartlab.com,(000)000-0000,170 main street,Aurora,NY,13026
526,12/29/08 17:52,Heather,Hill,bvcoburn88@jumpstartlab.com,(607)745-6000,101 north main st,Homer,NY,13077
532,12/31/08 0:02,Andrew,Wiersma,tximovi@jumpstartlab.com,(917)617-4000,668 greenwich st. apt. 647,New york,NY,10014
533,12/31/08 13:53,Victorio,Lucas,fjarber@jumpstartlab.com,(518)381-4000,2154 daisy lane apt. a,Niskayuna,NY,12309
542,1/2/09 9:43,Evan,Kohli,xlosheka.chin-tai001@jumpstartlab.com,(203)984-9000,"359 sackett st, #2",Brooklyn,NY,11231
543,1/2/09 9:45,Juan,Siegrest-jones,idke8@jumpstartlab.com,(917)455-8000,"359 sackett st, #2",Brooklyn,NY,11231
544,1/2/09 10:30,Nina,Ward,qbransk9@jumpstartlab.com,(508)479-7000,23 romoda drive cmr 2013,Canton,NY,13617
545,1/2/09 10:35,Brian,Fleck,odseyleighpeterson@jumpstartlab.com,(315)854-2000,23 romoda drive cmr 77,Canton,NY,13617
546,1/2/09 10:39,Michael,Siegwald,iqe0e7s@jumpstartlab.com,(508)479-7000,23 romoda drive cmr 909,Canton,NY,13617
547,1/2/09 10:43,Jason,Safran,nwittany.erb@jumpstartlab.com,(508)479-7000,23 romoda drive cmr 78,Canton,NY,13617
548,1/2/09 10:44,Katie,Hernandez,bgvid.is.schwartz@jumpstartlab.com,(508)479-7000,23 romoda drive cmr 2121,Canton,NY,13617
549,1/2/09 10:47,Danielle,Blanton,neteym@jumpstartlab.com,(603)502-8000,23 romoda drive cmr 950,Canton,NY,13617
550,1/2/09 10:49,David,Doe,cpl211@jumpstartlab.com,(508)479-7000,23 romoda drive cmr 2013,Canton,NY,13617
551,1/2/09 10:51,Karen,Johnson,ikmudio.andrea@jumpstartlab.com,(508)479-7000,23 romoda drive cmr 1206,Canton,NY,13617
552,1/2/09 10:53,Kate,Coffey,xfmmo1mr@jumpstartlab.com,(315)212-0000,23 romoda drive cmr 2058,Canton,NY,13617
553,1/2/09 10:55,Philip,Goch,hsdossett@jumpstartlab.com,(508)479-7000,23 romoda drive cmr 2378,Canton,NY,13617
554,1/2/09 10:57,Abigail,Lansdale,voeve@jumpstartlab.com,(716)867-1000,23 romoda drive cmr 547,Canton,NY,13617
555,1/2/09 11:01,Sarabeth,Jennings,nldddddddddddd@jumpstartlab.com,(508)479-7000,23 romoda drive cmr 562,Canton,NY,13617
556,1/2/09 11:04,Jeo,Finn,qirn3994@jumpstartlab.com,(508)479-7000,23 romoda drive cmr 266,Canton,NY,13617
557,1/2/09 11:06,Kristen,Snoblen,ahshulman12@jumpstartlab.com,(508)479-7000,23 romoda drive cmr 1089,Canton,NY,13617
558,1/2/09 11:08,Engin,Kather,ijkennedy2@jumpstartlab.com,(508)479-7000,23 romoda drive cmr 213,Canton,NY,13617
559,1/2/09 11:10,Alexandra,Ward,hrrtinanwoga@jumpstartlab.com,(508)479-7000,23 romoda drive cmr 628,Canton,NY,13617
560,1/2/09 11:12,Jenna,Toombs,oqreham@jumpstartlab.com,(508)479-7000,23 romoda drive cmr 387,Canton,NY,13617
561,1/2/09 11:14,Samantha,Boudart,ssff4554@jumpstartlab.com,(508)479-7000,23 romoda drive cmr 458,Canton,NY,13617
562,1/2/09 11:16,Kevin,Nitta,hirah.bolinger@jumpstartlab.com,(508)479-7000,23 romoda drive cmr 1185,Canton,NY,13617
563,1/2/09 11:18,Richard,Martin,trily_alvarez@jumpstartlab.com,(508)479-7000,23 romoda drive cmr 1316,Canton,NY,13617
564,1/2/09 11:20,Gregory,Katembo,iqison.e.grant@jumpstartlab.com,(508)479-7000,23 romoda drive cmr 1614,Canton,NY,13617
565,1/2/09 11:23,Shuchee,Chan,ljhndoe22@jumpstartlab.com,(508)479-7000,23 romoda drive cmr 2275,Canton,NY,13617
567,1/3/09 10:05,Andrew,Price,sgria.figliola@jumpstartlab.com,(315)276-8000,512 old route 11,Canton,NY,13617
568,1/3/09 13:15,James,Reeves,unddie@jumpstartlab.com,(585)752-1000,115 mayfair dr.,Rochester,NY,14063
569,1/3/09 13:19,Karly,Enz,kew62@jumpstartlab.com,(607)321-5000,4808 marshall drive e,Vestal,NY,13850
572,1/4/09 15:16,Sara,Dalley,kdshc@jumpstartlab.com,(585)905-8000,5330 sunflower drive,Canandaigua,NY,14424
575,1/5/09 11:19,Larae,Cusick,vucholas.melas@jumpstartlab.com,(585)233-2000,950 south marbletown road,Phelps,NY,14532
583,1/5/09 16:48,Brittany,Cleary-budge,ko7tb02@jumpstartlab.com,(917)658-8000,"1312 66th street, apt. #3f",Brooklyn,NY,11219
586,1/5/09 16:56,Peng,Huhn,fiorton9@jumpstartlab.com,(914)714-3000,1 chestnut hill lane,Briarcliff manor,NY,10510
702,1/7/09 18:11,Erica,Koreshi,gqh48@jumpstartlab.com,(347)538-7000,"128 e. 7th street, 6th floor",New york,NY,10009
704,1/7/09 20:26,Danielle,Growald,ibcepaz@jumpstartlab.com,(000)000-0000,lower egypt road,Canandaigua,NY,14424
708,1/8/09 14:45,Brianna,Kauffman,pynsfi34@jumpstartlab.com,(646)288-1000,640 w. 139th st. apt#1,New york,NY,10031
721,1/8/09 16:04,Edwin,Antelmi,srinanl@jumpstartlab.com,(650)455-2000,"",Hamilton,NY,13346
723,1/8/09 23:07,Bryan,Blumenshine,geores_jm@jumpstartlab.com,(612)481-0000,"13 oak drive, box f925",Hamilton,NY,13346
730,1/10/09 17:38,Sarah,Sparrow,jw9@jumpstartlab.com,(908)418-7000,"",Hamilton,NY,13346
753,1/12/09 11:51,Robin,Mcbroom,ttkasch@jumpstartlab.com,(315)228-6000,15 west pleasant st,Hamilton,NY,13346
765,1/14/09 22:32,Marissa,Sen,rpm35@jumpstartlab.com,(862)222-2000,"",Clinton,NY,13323
808,1/15/09 19:58,Naomi,Kraus,xknica.chen@jumpstartlab.com,(612)418-5000,"",Hamilton,NY,13346
809,1/15/09 21:44,Paul,Sullivan,ms3514a@jumpstartlab.com,(207)899-5000,"",Clinton,NY,13323
810,1/15/09 22:43,Devika,Gordon,gicarr@jumpstartlab.com,(315)542-8000,3673 fountain st,Clinton,NY,13323
817,1/16/09 9:34,Daniel,Peters,edrmoy78@jumpstartlab.com,(315)244-4000,"",Clinton,NY,13323
818,1/16/09 9:37,Christopher,Bookstein,aaeisler@jumpstartlab.com,(413)687-5000,"",Clinton,NY,13323
819,1/16/09 9:39,Sean,Swayman,ftuliner31@jumpstartlab.com,(518)813-0000,"",Ithaca,NY,14850
820,1/16/09 12:25,Nicki,Willis,if7xy@jumpstartlab.com,(908)447-6000,"",Hamilton,NY,13346
828,1/16/09 16:08,Sharon,Maurer,tyliciateach@jumpstartlab.com,(970)420-7000,"",Clinton,NY,13323
845,1/17/09 20:23,Kyle,Scaffa,wt7492a@jumpstartlab.com,(305)528-9000,13 oak drive box f951,Hamilton,NY,13346
851,1/18/09 14:29,Kristen,Bracken,hgeman@jumpstartlab.com,(703)338-2000,"953 danby road, terrace 2 #204",Ithaca,NY,14850
854,1/18/09 21:03,Elaine,Dutta,ujhowardfoley@jumpstartlab.com,(908)723-0000,"4914 lerner hall, 2920 broadway",New york,NY,10027
856,1/18/09 22:09,Kevin,Robinson,nr@jumpstartlab.com,(315)825-5000,13 oak drive,Hamilton,NY,13346
857,1/18/09 23:19,Tess,Cooke,xymc92@jumpstartlab.com,(415)209-3000,13 oak drive box j 1362,Hamilton,NY,13346
861,1/19/09 11:29,Rachel,Calvi,pnjjkkkkkkkkkkk@jumpstartlab.com,(518)810-9000,"box, 2562, 10 macvittie circle",Geneseo,NY,14454
863,1/19/09 11:33,Julian,Rosenberg,yiahlberg@jumpstartlab.com,(315)270-2000,"box 2477, 10 macvittie circle",Geneseo,NY,14454
865,1/19/09 11:40,James,12,lcnesene@jumpstartlab.com,(845)216-5000,"box 0292, 10 macvittie circle",Geneseo,NY,14454
867,1/19/09 11:45,Ryan,Wolverton,ujofe@jumpstartlab.com,(914)224-5000,10 macvittie circle,Geneseo,NY,14454
870,1/19/09 11:50,Steve,Boehnlein,djocyonlotor2001@jumpstartlab.com,(716)250-2000,10 macvittie circle,Geneseo,NY,14454
872,1/19/09 11:55,Max,Dean,bcrantrl@jumpstartlab.com,(631)903-2000,52 court st,Geneseo,NY,14454
875,1/19/09 12:03,Bessie,Boyd,pvdine@jumpstartlab.com,(716)628-6000,10 macvttie circle,Geneseo,NY,14454
877,1/19/09 12:06,Robert,Press,setiemsaucier@jumpstartlab.com,(631)965-9000,10 macvittie circle,Geneseo,NY,14454
879,1/19/09 12:09,Edward,Erario,hnwo357@jumpstartlab.com,(585)298-0000,10 macvittie circle,Geneseo,NY,14454
880,1/19/09 12:12,Mary,Joyce,fseff07438@jumpstartlab.com,(516)233-8000,20 court street,Geneseo,NY,14454
885,1/19/09 13:28,Lillian,Allen,tds67@jumpstartlab.com,(516)459-2000,13 oak drive l3143,Hamilton,NY,13346
899,1/19/09 16:28,Laura,Leaver,qsulak@jumpstartlab.com,(607)287-2000,13 oak drive box f962,Hamilton,NY,13346
910,1/19/09 18:41,Ginger,Delanghe,ayne.harket@jumpstartlab.com,(716)440-5000,198 college hill rd.,Clinton,NY,13323
922,1/19/09 19:40,John,Bishop,dpichard@jumpstartlab.com,(908)528-0000,198 college hill road,Clinton,NY,13323
933,1/19/09 20:03,Simon,Gary,pxzlacoco@jumpstartlab.com,(718)395-3000,"436 52nd street, apartment 1",Brooklyn,NY,11220
946,1/20/09 10:34,Bryce,Xx,nrl49@jumpstartlab.com,(508)736-6000,23 romoda drive,Canton,NY,13617
947,1/20/09 10:56,Anna,Tazewell,ddf12@jumpstartlab.com,(603)831-2000,23 romoda drive cmr 921,Canton,NY,13617
949,1/20/09 11:21,Paul,Colon,klele1aj@jumpstartlab.com,(518)225-2000,23 romoda dr.,Canton,NY,13617
950,1/20/09 11:31,Susan,Kemp,cferar@jumpstartlab.com,(508)479-7000,23 romoda drive,Canton,NY,13617
960,1/20/09 11:48,Ryan,Lambe,qf00146650@jumpstartlab.com,(518)260-0000,20 romoda drive,Canton,NY,13617
963,1/20/09 11:52,Patricia,Graff,at111389@jumpstartlab.com,(360)481-3000,colgate university box y5558,Hamilton,NY,13346
967,1/20/09 12:36,Michael,Yin,vcicekodama@jumpstartlab.com,(508)479-7000,23 romoda drive,Canton,NY,13617
968,1/20/09 12:49,Brenda,Philips,cugonding10@jumpstartlab.com,(802)318-3000,cmr 1173 slu 23 romoda drive,Canton,NY,13617
969,1/20/09 13:08,Miguel a.,Madhavan,us_les_aime_crazy@jumpstartlab.com,(508)479-7000,23 romoda drive cmr 711,Canton,NY,13617
983,1/20/09 15:24,Colin,Cutting,qbzamorski@jumpstartlab.com,(609)647-0000,198 college hill road box 169,Clinton,NY,13323
1027,1/20/09 19:12,Brian,Doe,wreeney.engr@jumpstartlab.com,(540)320-3000,"t2, 211 953 danby rd.",Ithaca,NY,00000
1054,1/20/09 20:49,Paige,Fowler,crtsy2289@jumpstartlab.com,(716)785-2000,2051 ruttenbur rd,Cherry creek,NY,14723
1059,1/20/09 20:56,Kellyann,D'arcy,vraire.meints@jumpstartlab.com,(845)239-3000,10 robinn drive,Middletown,NY,10940
1069,1/20/09 21:18,Stefanie,Howard-foley,xedarden@jumpstartlab.com,(315)420-7000,114 summit ave apt. 41,Ithaca,NY,14850
1071,1/20/09 21:25,Kevin,Friedman,fvnsroek@jumpstartlab.com,(203)808-5000,1051 danby rd,Ithaca,NY,14850
1075,1/20/09 21:35,Teresa,Doe,yakiles@jumpstartlab.com,(716)697-0000,1020 danby rd,Ithaca,NY,14850
1076,1/20/09 21:37,Kiara,Hamm,tigray@jumpstartlab.com,(401)225-8000,660 stewart ave.,Ithaca,NY,14850
1104,1/20/09 22:10,Johanna,Shahidi,bjol@jumpstartlab.com,(703)969-1000,204 stewart ave.,Ithaca,NY,14850
1113,1/20/09 22:16,Shelby,Goyer,vqinsteinj@jumpstartlab.com,(703)969-1000,111 blair st.,Ithaca,NY,14850
1119,1/20/09 22:22,Kathryn,Anderson,aaaruyam@jumpstartlab.com,(703)969-1000,504 thurston ave,Ithaca,NY,14850
1124,1/20/09 22:26,Kerry,Dunno,mxnox@jumpstartlab.com,(000)000-0000,660 stewart ave,Ithaca,NY,14850
1126,1/20/09 22:29,Katy,Diddams,bmrichmond@jumpstartlab.com,(412)992-7000,228 wait avenue,Ithaca,NY,14850
1128,1/20/09 22:30,Victor,Houtz,oeistenarnold6@jumpstartlab.com,(000)000-0000,660 stewart ave.,Ithaca,NY,14850
1137,1/20/09 22:38,Cindy,Helferstay,tildcatkatie@jumpstartlab.com,(201)707-7000,660 stewart ave.,Ithaca,NY,14850
1145,1/20/09 22:44,Elisabeth,Walker,odch3880@jumpstartlab.com,(330)827-0000,13 oak drive,Hamilton,NY,13346
1147,1/20/09 22:45,Jesse,Brown,rlte.askins@jumpstartlab.com,(607)253-0000,101 country club rd. room 103,Ithaca,NY,14850
1167,1/20/09 23:01,Jesse,Spitz,oalsen@jumpstartlab.com,(201)403-5000,101 country club rd,Ithaca,NY,14853
1175,1/20/09 23:06,Maria,Gwyn,ttitlin.p.hill@jumpstartlab.com,(585)355-9000,101 country club rd.,Ithaca,NY,14850
1193,1/20/09 23:22,Katherine,Menking,lwzhao@jumpstartlab.com,(607)253-0000,101 country club rd.,Ithaca,NY,14850
1196,1/20/09 23:22,Kate,Williams,dqalsh53@jumpstartlab.com,(847)644-5000,colgate box p4306,Hamilton,NY,13346
1201,1/20/09 23:28,Nick,Kruger,bbpinell@jumpstartlab.com,(512)825-4000,1 country club rd.  ecology house,Ithaca,NY,14850
1214,1/20/09 23:39,Hugo,Hudgens,nhamayo@jumpstartlab.com,(704)517-9000,none,Ithaca,NY,14850
1219,1/20/09 23:44,Whitney,Brehm,nie391@jumpstartlab.com,(408)242-1000,13 oak drive b291,Hamilton,NY,13346
1230,1/20/09 23:51,Lana,Jordan,orlmorea@jumpstartlab.com,(518)651-4000,105 grandview ave,Ithaca,NY,14850
1264,1/21/09 0:43,Keith,Dean,kc6@jumpstartlab.com,(607)287-0000,garden apt 27 05-7 / 954 danby rd,Ithaca,NY,14850
1296,1/21/09 9:31,Michael,Martin,fsteran@jumpstartlab.com,(614)582-9000,953 danby rd. - bogart #301,Ithaca,NY,14850
1336,1/21/09 12:56,Daniel,Dong,tstrauss@jumpstartlab.com,(860)402-8000,94 campbell road,Napanoch,NY,12458
1342,1/21/09 13:28,Meredith,Gainor,vtllj@jumpstartlab.com,(516)998-5000,166 kilburn road south,Garden city south,NY,11530
1343,1/21/09 13:29,Katie,Tuttle,fukemccaffreysf@jumpstartlab.com,(516)849-2000,colgate university l3092,Hamilton,NY,13346
1346,1/21/09 13:33,Arturs,Spangrud,wlube@jumpstartlab.com,(419)341-3000,hofstra university,Hempstead,NY,11549
1347,1/21/09 13:35,Emily,Adler,humeslice1005@jumpstartlab.com,(704)408-6000,hofstra university,Hempstead,NY,11549
1348,1/21/09 13:36,Rebecca,Batista,eorlsonr@jumpstartlab.com,(516)457-2000,hofstra university,Hempstead,NY,11549
1350,1/21/09 13:38,Quinnie,Czerwiec,ooanna@jumpstartlab.com,(585)732-2000,210 wilson commons,Rochester,NY,14627
1351,1/21/09 13:39,Megan,Utsch,edwadswo@jumpstartlab.com,(631)879-5000,hofstra university,Hempstead,NY,11549
1352,1/21/09 13:42,Lily,Poland,ypbattla@jumpstartlab.com,(585)732-2000,201 wilson commons,Rochester,NY,14627
1353,1/21/09 13:42,Ryan,O'neill,eyseit@jumpstartlab.com,(267)625-9000,1113 jameson hall,Ithaca,NY,14853
1354,1/21/09 13:42,Sierra,Guth,wkrsenuthill@jumpstartlab.com,(914)588-3000,hofstra university,Hempstead,NY,11549
1357,1/21/09 13:44,Khaleelah,Marsh,moarriage@jumpstartlab.com,(505)570-9000,hofstra university,Hempstead,NY,11549
1358,1/21/09 13:45,X,Du,ywtman@jumpstartlab.com,(585)732-2000,201 wilson commons,Rochester,NY,14627
1359,1/21/09 13:47,Jane,Chin-tai,ujdavis@jumpstartlab.com,(631)664-1000,hofstra university,Hempstead,NY,11549
1360,1/21/09 13:47,Pai,Mcdougall,ibodge@jumpstartlab.com,(585)732-2000,201 wilson commons,Rochester,NY,14627
1361,1/21/09 13:50,Athena,Yates,lpp.stephan@jumpstartlab.com,(585)732-2000,201 wilson commons,Rochester,NY,14627
1362,1/21/09 13:50,Neha,Xx,dsinder@jumpstartlab.com,(603)767-0000,hofstra university,Hempstead,NY,11549
1363,1/21/09 13:51,Audrey,Jaunakais,poamilt1@jumpstartlab.com,(585)732-2000,201 wilson commons,Rochester,NY,14627
1364,1/21/09 13:52,Maya,Tanaka,mve2006@jumpstartlab.com,(603)344-1000,hofstra university,Hempstead,NY,11549
1366,1/21/09 13:54,Tom,Dungan,vxuster@jumpstartlab.com,(585)732-2000,201 wilson commons,Rochester,NY,14627
1368,1/21/09 13:57,Kim,Murad,dpl212@jumpstartlab.com,(585)732-2000,201 wilson commons,Rochester,NY,14627
1369,1/21/09 13:59,Melissa,4,wcurman_j@jumpstartlab.com,(585)732-2000,201 wilson commons,Rochester,NY,14627
1370,1/21/09 14:01,Bartosz,Yu,hqpeach@jumpstartlab.com,(585)732-2000,210 wilson commons,Rochester,NY,14627
1377,1/21/09 14:27,Justin,Hering,cbisb014@jumpstartlab.com,(716)868-4000,main st,Geneseo,NY,14454
1379,1/21/09 14:32,Dave,Haugh,iesha_leon@jumpstartlab.com,(585)576-0000,44 avon rd,Geneseo,NY,14454
1386,1/21/09 15:01,Eli,Hull,ofichardson86@jumpstartlab.com,(503)440-2000,416 hudson street apt. 2,Ithaca,NY,14850
1393,1/21/09 15:34,Elizabeth,Levene,wjrunasso@jumpstartlab.com,(303)653-2000,601 first st,Ithaca,NY,14850
1395,1/21/09 15:38,Leah,Zhou,iqcleery.10@jumpstartlab.com,(303)653-2000,601 first st,Ithaca,NY,14850
1398,1/21/09 15:41,Rose,11,boerman@jumpstartlab.com,(303)653-2000,601 first st,Ithaca,NY,14850
1400,1/21/09 15:44,John,White,jlex.vlasic@jumpstartlab.com,(303)653-2000,601 first st,Ithaca,NY,14850
1402,1/21/09 15:47,Josie,Whaley-tobin,ra@jumpstartlab.com,(303)653-2000,601 first st,Ithaca,NY,14850
1404,1/21/09 15:49,Patrick,Geager,skh1@jumpstartlab.com,(303)653-2000,601 first st,Ithaca,NY,14850
1407,1/21/09 15:51,Pilar,Koch,onbplace@jumpstartlab.com,(303)653-2000,601 first st,Ithaca,NY,14850
1409,1/21/09 15:55,Claire,Kornacki,nmlly3333@jumpstartlab.com,(303)653-2000,601 first st,Ithaca,NY,14850
1413,1/21/09 15:57,Ethan,Hancock,qcrighj@jumpstartlab.com,(303)653-2000,601 first st,Ithaca,NY,14850
1417,1/21/09 16:00,Megan,Burgess,kuiiiiip@jumpstartlab.com,(303)653-2000,601 first st,Ithaca,NY,14850
1490,1/21/09 16:56,Harper,Granovskaya,vnizabeth.hanson@jumpstartlab.com,(215)962-3000,garden apartment 26 5 7 ithaca college,Ithaca,NY,14850
1505,1/21/09 17:18,John,Dolstad,evff.bessette@jumpstartlab.com,(716)400-1000,8345 clarnew dr.,East amherst,NY,14051
1515,1/21/09 17:56,Krystin,Gongwer,xqczepanski.amy@jumpstartlab.com,(347)631-7000,105b 14th st,Troy,NY,12180
1530,1/21/09 18:19,X,Palley,btapstickandbutterflys@jumpstartlab.com,(973)270-7000,953 danby rd. ithaca college garden apartment 5-1,Ithaca,NY,14850
1563,1/21/09 18:54,Eliza,Consroe,otavison@jumpstartlab.com,(972)672-6000,townhouse d5b1,Ithaca,NY,14853
1594,1/21/09 19:10,Jamie,Syndor,rmmalley@jumpstartlab.com,(401)413-2000,204 e 7th st,New york,NY,10009
1600,1/21/09 19:12,Mary,Grant,ogtedtle@jumpstartlab.com,(716)861-9000,405 w green st,Ithaca,NY,14850
1624,1/21/09 19:33,Rochelle,Lichti,qpantu1@jumpstartlab.com,(802)363-1000,23 romoda drive cmr #1090 slu,Canton,NY,13617
1628,1/21/09 19:35,John,Venegas,renielgr@jumpstartlab.com,(607)592-0000,881 boswick,Ithaca,NY,14850
1632,1/21/09 19:38,Matt,Webster,rdkroll@jumpstartlab.com,(802)318-8000,23 romoda dr,Canton,NY,13617
1638,1/21/09 19:43,Allison,Lang,ldsonfillo@jumpstartlab.com,(716)597-1000,23 romoda dr.,Canton,NY,13617
1639,1/21/09 19:45,Rebecca,Goodlaw-morris,bftonehill@jumpstartlab.com,(845)750-1000,10 clarkson ave,Potsdam,NY,13699
1640,1/21/09 19:47,Mateh,Curtis,atya@jumpstartlab.com,(585)469-0000,10 clarkson ave,Potsdam,NY,13699
1643,1/21/09 19:49,Max,Smile,ltbe.schwartzman@jumpstartlab.com,(267)374-8000,10 clarkson ave,Potsdam,NY,13699
1648,1/21/09 19:53,Ian,Wallace,rylson.ging@jumpstartlab.com,(508)479-7000,23 romoda drive slu cmr 1406,Canton,NY,13617
1649,1/21/09 19:55,Meryn,Soper,ueofeng@jumpstartlab.com,(631)965-9000,10 clarkson avenue- box 3870,Potsdam,NY,13699
1654,1/21/09 19:59,Lindsey,Metevier,au3771a@jumpstartlab.com,(508)479-7000,23 romoda drive slu 1081,Canton,NY,13617
1655,1/21/09 20:01,Matthew,Defrancisco,qabjast@jumpstartlab.com,(518)322-8000,po box 3583,Potsdam,NY,13699
1660,1/21/09 20:08,John,Copenhaver,oteastes@jumpstartlab.com,(631)357-6000,426 5th street,East northport,NY,11731
1661,1/21/09 20:08,Sarah,Brunton,vkrolyn@jumpstartlab.com,(802)839-6000,10 clarkson ave.,Potsdam,NY,05669
1683,1/21/09 20:18,Kelly,Berry,le5rf04@jumpstartlab.com,(716)954-3000,10 clarkson ave,Potsdam,NY,13699
1684,1/21/09 20:19,Rob,Frye,xlefat@jumpstartlab.com,(508)479-7000,23 romoda drive cmr 2013,Canton,NY,13617
1689,1/21/09 20:21,Nick,Shafman,ixchellezimmer@jumpstartlab.com,(518)322-5000,516 university ave apt a5,Ithaca,NY,14850
1693,1/21/09 20:22,I,Moore,liiggeneach@jumpstartlab.com,(518)810-4000,10 clarkson ave,Potsdam,NY,13699
1699,1/21/09 20:24,Alyse,Brown,edernandez09@jumpstartlab.com,(518)810-4000,10 clarkson ave,Potsdam,NY,13699
1706,1/21/09 20:26,Rachel,Smith,tfe@jumpstartlab.com,(716)462-0000,"box 5056, 10 macvittie circle",Geneseo,NY,14454
1708,1/21/09 20:28,Kyle,Harvey,ceurafriedman@jumpstartlab.com,(315)378-3000,10 clarkson ave,Potsdam,NY,13699
1714,1/21/09 20:32,Margaret,Lamoy,gldesha07@jumpstartlab.com,(716)462-9000,10 clarkson ave,Potsdam,NY,13699
1720,1/21/09 20:34,Jonathan,Shott,lfodine@jumpstartlab.com,(315)261-0000,10 clarkson ave,Potsdam,NY,13699
1721,1/21/09 20:35,Kate,Garcia jr.,pls6@jumpstartlab.com,(631)327-0000,5531 cottonwood drive,Conesus,NY,14435
1726,1/21/09 20:37,Taylor,Anderson,ngpotter@jumpstartlab.com,(518)281-8000,10 clarkson ave,Potsdam,NY,13699
1732,1/21/09 20:39,Sonia,Holak,tjlly_martin@jumpstartlab.com,(315)212-5000,10 clarkson ave,Potsdam,NY,13699
1741,1/21/09 20:44,Lena,Tesdal,uqhompson07@jumpstartlab.com,(518)637-1000,10 clarkson ave,Potsdam,NY,13699
1754,1/21/09 20:48,David,Andrews,pkw5101@jumpstartlab.com,(646)318-0000,"149 church street, apt 2n",New york,NY,10007
1756,1/21/09 20:49,Jesse,Kramer,vqmcgowen@jumpstartlab.com,(412)760-1000,23 romoda drive cmr 754 slu,Canton,NY,13617
1768,1/21/09 20:53,Kathryn,Brown,teolah1@jumpstartlab.com,(412)760-1000,23 romoda drive cmr 2169 slu,Canton,NY,13617
1856,1/21/09 21:26,Stephanie,Sebasky,oqduceli@jumpstartlab.com,(518)229-0000,"312 terrace 2, ithaca college, 953 danby road",Ithaca,NY,14850
1865,1/21/09 21:30,Rhys,Hart,eberisseb@jumpstartlab.com,(315)734-5000,198 college hill rd.,Clinton,NY,13323
1876,1/21/09 21:35,Clare,Cooper,gm289@jumpstartlab.com,(516)232-1000,12 glenbrook road,Hicksville,NY,11801
1882,1/21/09 21:37,Khari,Kahane,mipphiredragon14@jumpstartlab.com,(518)813-6000,198 college hill rd,Clinton,NY,13323
1885,1/21/09 21:38,Barbara,Dornbush,qoarney@jumpstartlab.com,(603)770-9000,"953 danby road, garden apt. 29-6-2",Ithaca,NY,14850
1895,1/21/09 21:42,Hyejin,Macdonald,kddiayak@jumpstartlab.com,(802)688-9000,198 college hill road,Clinton,NY,13323
1977,1/21/09 22:16,Brendan,Five,vrbooth@jumpstartlab.com,(516)967-7000,10 macvittie circle,Geneseo,NY,14454
2001,1/21/09 22:22,Corinthia,Wong,yslavik3153@jumpstartlab.com,(518)810-9000,10 macvittie circle,Geneseo,NY,14454
2007,1/21/09 22:23,Matthew,Franko,jkbrielle.names@jumpstartlab.com,(845)224-9000,100 enoch crosby rd,Brewster,NY,10509
2043,1/21/09 22:32,Maura,Batley,gqnkeemillennia1@jumpstartlab.com,(415)517-1000,150 triphammer rd,Ithaca,NY,14850
2057,1/21/09 22:35,Amy,Weinberger,vedyaray@jumpstartlab.com,(607)661-0000,90 woodlawn st,Rochester,NY,14607
2113,1/21/09 22:47,Susan,Woodall,kjs8857@jumpstartlab.com,(315)420-9000,10 macvittie circle,Geneseo,NY,14454
2133,1/21/09 22:50,Ladul√©,Randazo,kale.aungst@jumpstartlab.com,(631)278-3000,10 macvittie circle,Geneseo,NY,14454
2142,1/21/09 22:51,Sarah,Du,wtslaug06@jumpstartlab.com,(561)358-9000,1g14h jameson hall,Ithaca,NY,14853
2180,1/21/09 22:59,Brendan,Lyle,jsrdner_j@jumpstartlab.com,(201)452-0000,953 danby rd ithaca college circle apartment 17-03,Ithaca,NY,14850
2186,1/21/09 23:01,Eric,Spock,wdke1@jumpstartlab.com,(716)860-6000,"box 4631, 10 macvittie circle",Geneseo,NY,14454
2208,1/21/09 23:08,Kate,Dodson,sdumbum77@jumpstartlab.com,(508)479-7000,23 romoda drive cmr 1409 slu,Canton,NY,13617
2210,1/21/09 23:08,Dante,Smith,xmenngall@jumpstartlab.com,(716)450-4000,8691 e main st,Clymer,NY,14724
2217,1/21/09 23:11,Sara,Tyrrell,wbwoodian@jumpstartlab.com,(716)864-4000,"box 3495, 10 macvittie circle",Geneseo,NY,14454
2224,1/21/09 23:15,Jake,Lowe,hj77014@jumpstartlab.com,(716)308-2000,"box 1695, 10 macvittie circle",Geneseo,NY,14454
2253,1/21/09 23:25,Samantha,Miller-hershon,dwerrant@jumpstartlab.com,(303)886-2000,"216 7th st., apt. 5",Brooklyn,NY,11215
2274,1/21/09 23:32,Megan,Mauhs-pugh,awittany@jumpstartlab.com,(716)517-5000,5450 10 macvittie circle,Geneseo,NY,14454
2281,1/21/09 23:33,Katherine,Halprin,nsv08@jumpstartlab.com,(518)301-5000,10 macvittie circle,Geneseo,NY,14454
2332,1/21/09 23:46,Jessica,Spink,rfoyer@jumpstartlab.com,(518)276-7000,"nason 114, 1999 burdett ave",Troy,NY,12180
2341,1/21/09 23:48,Tyeisha,Zieff,ssteandneil@jumpstartlab.com,(585)472-4000,69 second st,Geneseo,NY,14454
2394,1/22/09 0:02,Matt,Havusha,tpikamorban@jumpstartlab.com,(860)912-9000,2005 15th street,Troy,NY,12180
2413,1/22/09 0:09,Jacob,Johnson,fjwrencetsd@jumpstartlab.com,(516)658-0000,"cooper 2003, 1999 burdett ave",Troy,NY,12180
2414,1/22/09 0:09,Allison,Turner,uyda@jumpstartlab.com,(000)000-0000,nason 112 1999 burdett ave,Troy,NY,12180
2467,1/22/09 0:30,Jogchum,Rossoff,vhsanders@jumpstartlab.com,(240)393-7000,crockett 307 1999 burdett avenue,Troy,NY,12180
2477,1/22/09 0:36,James,Reith,wbilbert@jumpstartlab.com,(240)393-7000,"2150 12th st., 2nd floor",Troy,NY,12180
2486,1/22/09 0:39,Julian,Murdoch,rkmatthews@jumpstartlab.com,(303)908-0000,1999 burdett ave 129 nason,Troy,NY,12180
2514,1/22/09 0:56,Jenna,Grimm,nnu@jumpstartlab.com,(510)290-1000,later,Troy,NY,12180
2520,1/22/09 1:02,Sergio,Bronson,ickrumholz@jumpstartlab.com,(845)943-0000,1999  burdett ave,Troy,NY,12180
2591,1/23/09 14:43,Rachel,Ila,yorlon1.williams@jumpstartlab.com,(508)479-7000,23 romoda drive cmr 1043 slu,Canton,NY,13617
2600,1/23/09 18:30,Stephen,Garland,bhcolette.laume@jumpstartlab.com,(703)915-0000,481 eighth avenue #1809,New york,NY,10001
2607,1/24/09 14:33,Xenia,Kimbrell,htsmith9@jumpstartlab.com,(508)479-7000,23 romoda drive cmr 1357 slu,Canton,NY,13617
2613,1/24/09 17:49,Ellen,Freeland,bjuggan@jumpstartlab.com,(518)605-6000,"box 0090, 10 macvittie circle",Geneseo,NY,14454
2614,1/24/09 17:59,Ashley,Chan,xsianczech@jumpstartlab.com,(585)766-0000,10 macvittie circle,Geneseo,NY,14454
2620,1/25/09 13:05,Molly,Rowan,mumone.phillips@jumpstartlab.com,(508)479-7000,23 romoda drive cmr 1785 slu,Canton,NY,13617
2621,1/25/09 13:42,Sean,Kangas,hrinini823@jumpstartlab.com,(000)000-0000,39 smith st,Hicksville,NY,11801
2623,1/25/09 16:17,Nate,Wallner,dy4@jumpstartlab.com,(508)479-7000,23 romoda drive cmr 1472 slu,Canton,NY,13617
2624,1/25/09 17:19,Brianna,Payton,ymge6reen@jumpstartlab.com,(508)479-7000,23 romoda drive cmr,Canton,NY,13617
2627,1/25/09 21:25,Julie,Kirkhart,pwmiller@jumpstartlab.com,(917)903-9000,272 west 107th st.,New york,NY,10025
2633,1/26/09 0:15,Jessica,Yes,ndstin.kosloff@jumpstartlab.com,(206)229-2000,231 e 55th st box 2,New york,NY,10022
2634,1/26/09 0:49,Jonathon,Burke,kbiteh@jumpstartlab.com,(413)695-2000,613 sterling pl,Brooklyn,NY,11238
2640,1/26/09 13:37,Shilpa,Kokal,maore@jumpstartlab.com,(404)388-5000,1813 hasbrouck apartments,Ithaca,NY,14850
2648,1/26/09 15:52,Kate,Slater,mxhershk@jumpstartlab.com,(617)763-2000,box w5297 colgate university 13 oak drive,Hamilton,NY,13346
2677,1/26/09 22:02,Na'taki,Two,jsia@jumpstartlab.com,(917)455-6000,198 college hill road,Clinton,NY,13323
2717,1/27/09 10:56,Matthew,Downing,rqay@jumpstartlab.com,(248)894-8000,13 oak drive,Hamilton,NY,13346
2722,1/27/09 13:01,Melissa,Perez,gpssica.vandeputte@jumpstartlab.com,(845)800-3000,13 center st.,Geneseo,NY,14454
2752,1/28/09 10:06,Rachael,Kelly,jkronica@jumpstartlab.com,(952)239-4000,157 e 72nd st.,New york,NY,10021
2770,1/28/09 13:51,Christopher,Nunes,bpke10@jumpstartlab.com,(212)730-1000,102 west 38th street,New york,NY,10018
2816,1/28/09 19:42,Melanie,Lui,fdnke3b@jumpstartlab.com,(315)271-4000,52 court st,Geneseo,NY,14454
2818,1/28/09 20:07,Marcie,Powanda,hfitullio325@jumpstartlab.com,(315)269-8000,953 danby rd. terrace 2 rm 107,Ithaca,NY,14850
2823,1/28/09 22:04,Joseph,Charnuska,iaud@jumpstartlab.com,(914)522-0000,110 greenridge ave,White plains,NY,10605
2824,1/28/09 22:28,Bryan,Mackow,odi.blumenstock@jumpstartlab.com,(607)857-5000,7 woods path,Painted post,NY,14870
2828,1/28/09 23:27,Daniel,Nienaber,qr14nv31d3@jumpstartlab.com,(585)520-7000,10 center street,Geneseo,NY,14454
2829,1/28/09 23:56,Benjamin,Mahon,fjvies_k@jumpstartlab.com,(315)224-3000,cpo box 1626,Houghton,NY,14744
2843,1/29/09 10:19,Veronica,Brewer,mqllucinature@jumpstartlab.com,(310)614-4000,"105 w. 55th st, ph3",New york,NY,10019
2849,1/29/09 12:15,Andrea,D'amore,njox@jumpstartlab.com,(715)897-2000,1 willard ave. cpo 561,Houghton,NY,14744
2856,1/29/09 13:30,Daniel,Arvidson,tidrad2002@jumpstartlab.com,(000)000-0000,409 park place,New york,NY,11238
2859,1/29/09 13:55,Caroline,Martinez,yuiths12@jumpstartlab.com,(503)476-2000,450 powell campus ctr.,Alfred,NY,14802
2860,1/29/09 14:03,Courtney,Blomquist,tmd1@jumpstartlab.com,(914)844-9000,1550 powell campus ctr,Alfred,NY,14802
2861,1/29/09 14:08,Ariel,Harb,eq8co01@jumpstartlab.com,(585)991-9000,759 powell campus ctr,Alfred,NY,14802
2862,1/29/09 14:11,Ed,One,blr1700@jumpstartlab.com,(585)730-2000,apt.1 146 st. route 244,Alfred station,NY,14803
2864,1/29/09 14:16,Rachel,Cano,qouraread@jumpstartlab.com,(315)657-5000,56 north main street upper,Alfred,NY,14802
2871,1/29/09 14:40,Cassie,Hadnot,direyes@jumpstartlab.com,(315)264-7000,1112 powell campus ctr.,Alfred,NY,14802
2872,1/29/09 14:41,John,Gallagher,llarunchia001@jumpstartlab.com,(845)988-7000,71-72 162nd st,Fresh meadows,NY,11365
2882,1/29/09 14:56,Andrew,Maak,ona_magali_heureux@jumpstartlab.com,(315)209-9000,1424 powell campus ctr14802,Alfred,NY,14802
2885,1/29/09 15:02,Jesse,Minich-castro,nyrah.wightman@jumpstartlab.com,(203)448-0000,2082 powell campus ctr,Alfred,NY,14802
2890,1/29/09 15:08,Michaella,Doe,pheising@jumpstartlab.com,(614)202-9000,22 church st apt. 4,Alfred,NY,14802
2903,1/29/09 15:25,Emily,Xx,satherine.burrows@jumpstartlab.com,(614)202-9000,829 pcc alfred university,Alfred,NY,14802
2907,1/29/09 15:31,Liz,Wagenknecht,gcefer@jumpstartlab.com,(614)202-9000,1 reynolds street apt. 1,Alfred,NY,14802
2911,1/29/09 15:35,Aj,Savage,jxanda.kisner@jumpstartlab.com,(607)871-2000,84 west unversity st.,Alfred,NY,14802
2913,1/29/09 15:37,Rob,Kennedy,xrdrea_s_gary@jumpstartlab.com,(978)505-9000,13 oak drive,Hamilton,NY,13346
2914,1/29/09 15:39,Abby,Richardson,pdecker@jumpstartlab.com,(845)988-7000,3554 lakeland st,Mohegan lake,NY,10547
2930,1/29/09 17:28,Cody,Navarro,hbdrew.fenster@jumpstartlab.com,(914)251-4000,83 franklin ave,Harrison,NY,10528
2931,1/29/09 17:58,Jessica,Zinger,xnordanner76@jumpstartlab.com,(516)567-3000,11 cary rd,Great neck,NY,11021
2958,1/29/09 20:40,Hans,Mervak,nxostello@jumpstartlab.com,(518)944-0000,"ithaca college - terrace 4, 300b - 953 danby rd.",Ithaca,NY,14850
2993,1/29/09 23:39,Stella,Fellman greene,wpt5071@jumpstartlab.com,(716)597-1000,905 west alaura drive,Alden,NY,14004
2994,1/29/09 23:51,Mike,Herron,nlathasj@jumpstartlab.com,(716)361-6000,13 court st,Geneseo,NY,14454
2996,1/30/09 0:04,Jens,Sulzbach,eqm2@jumpstartlab.com,(315)224-2000,6 hillside drive apt 8,Geneseo,NY,14454
3056,1/30/09 12:10,Elle,Lacey,buones4@jumpstartlab.com,(845)542-7000,735 anderson hill road,Purchase,NY,10577
3063,1/30/09 12:18,Casper,Gruberg,fn2381a@jumpstartlab.com,(845)542-7000,735 anderson hill road,Purchase,NY,10577
3070,1/30/09 12:23,Alex,Zhou,tyatch@jumpstartlab.com,(845)542-7000,735 anderson hill rd.,Purchase,NY,10577
3074,1/30/09 12:27,Robert,Burris,gnistin.wheeler@jumpstartlab.com,(845)542-7000,735 anderson hill rd,Purchase,NY,10577
3081,1/30/09 12:31,Charla,Burke,jypioch777@jumpstartlab.com,(845)542-7000,735 anderson hill rd,Purchase,NY,10577
3085,1/30/09 12:34,Sara,Moore,elchellelukehart@jumpstartlab.com,(845)542-7000,735 anderson hill rd,Purchase,NY,10577
3088,1/30/09 12:38,Jacob,Durkin,saird_h@jumpstartlab.com,(845)542-7000,735 anderson hill rd,Purchase,NY,10577
3094,1/30/09 12:42,Tom,Difranco,yklia@jumpstartlab.com,(845)542-7000,735 anderson hill rd,Purchase,NY,10577
3097,1/30/09 12:44,Jessica,Solly,kan@jumpstartlab.com,(845)542-7000,735 anderson hill rd,Purchase,NY,10577
3101,1/30/09 12:47,Emily,Konkle,oaetty1987@jumpstartlab.com,(845)542-7000,735 anderson hill rd,Purchase,NY,10577
3200,1/30/09 15:10,Rachel,Rivas,stf57@jumpstartlab.com,(845)264-4000,288 ainslie st. basement,Brooklyn,NY,11211
3218,1/30/09 15:23,Sueli,Bulger,qfwissawissa@jumpstartlab.com,(845)224-9000,po box 483,Northport,NY,11768
3253,1/30/09 16:19,Melissa,Gallegos,al8ts03@jumpstartlab.com,(518)810-9000,"box 0899, 10 macvittie circle",Geneseo,NY,14454
3268,1/30/09 16:38,Nicole,Hagen,xspinsk1@jumpstartlab.com,(561)504-1000,155 west 60th street apt 9j1,New york,NY,10023
3277,1/30/09 16:51,Sarah,Wroblewski,stwoods@jumpstartlab.com,(561)504-1000,101 lakeview avenue,Scarsdale,NY,10583
3296,1/30/09 17:10,Emily,Hanson,xirsten_howard@jumpstartlab.com,(917)575-2000,1195 old white plains rd,Mamaroneck,NY,10543
3484,1/31/09 12:21,Brennan,Streng,fwa1@jumpstartlab.com,(845)702-3000,18 barclay st.,Poughkeepsie,NY,12601
3489,1/31/09 13:09,Sam,Tiver,bvhley.schaeffer@jumpstartlab.com,(585)755-5000,214 long acre road,Rochester,NY,14621
3499,1/31/09 14:27,Jennifer,Bigalke,uxeinkin@jumpstartlab.com,(347)247-9000,1772 nostrand ave,Brooklyn,NY,11226
3501,1/31/09 14:34,Nolan,Hall,hwlabby@jumpstartlab.com,(925)766-8000,222 mary donlon hall,Ithaca,NY,14853
3504,1/31/09 14:41,Alayne,Bodeen,rmlia.shaw@jumpstartlab.com,(917)208-0000,228 wait ave #203,Ithaca,NY,14850
3522,1/31/09 15:15,Ferdaouis,Embry,ymdler@jumpstartlab.com,(401)744-1000,330 hofstra university estabrook 407,Hempstead,NY,11549
3531,1/31/09 15:21,Jane,Honaker,rcizasherpa@jumpstartlab.com,(603)997-1000,"340 hofstra university, enterprise 305",Hempstead,NY,11549
3542,1/31/09 15:29,X,Mussleman,ugpayne@jumpstartlab.com,(703)585-0000,1607 carlin place,East meadow,NY,11554
3561,1/31/09 15:41,Ryan,Brunasso,rxchavez@jumpstartlab.com,(703)585-0000,"estabrook 911, 330 hofstra university",Hempstead,NY,11549
3570,1/31/09 15:48,Marea,Gadbury,xchndoe9@jumpstartlab.com,(804)677-5000,287 bedell terrace,West hempstead,NY,11552
3584,1/31/09 15:54,Mansi,Weikle,ikl5@jumpstartlab.com,(804)677-5000,906 constitution hall 320 hofstra university,Hempstead,NY,11549
3596,1/31/09 16:01,Molly,Kay,vbdutton@jumpstartlab.com,(804)677-5000,365 hofstra university,Hempstead,NY,11549
3611,1/31/09 16:11,Sara,Lopez,fwbey.laninga@jumpstartlab.com,(603)973-9000,360 hofstra university,Hempstead,NY,11549
3625,1/31/09 16:24,Maggie,Skiles,ywemis70@jumpstartlab.com,(603)973-9000,28 cornwall lane,Hempstead,NY,11550
3642,1/31/09 16:41,B,Cornwell,wnshun@jumpstartlab.com,(925)522-6000,325 hofstra universty 1111b amsterdam netherlands,Hempstead,NY,11549
3655,1/31/09 16:50,Ezra,Landrum,iknm87@jumpstartlab.com,(516)532-2000,colgate university 13 oak drive box q4534,Hamilton,NY,13346
3664,1/31/09 17:02,Null,Widner,awrc_butcavage@jumpstartlab.com,(516)983-3000,216 piping rock rd,Matinecock,NY,11560
3668,1/31/09 17:13,X,Null,lbsher@jumpstartlab.com,(857)928-3000,hofstra university,Hempstead,NY,11549
3682,1/31/09 17:39,William,Stover,awarties@jumpstartlab.com,(443)285-1000,210 lake st. apt 3a,Ithaca,NY,14850
3695,1/31/09 18:01,Olivia,Safarian,tgra.bemis@jumpstartlab.com,(718)305-4000,"31 union square west, apt 5f",New york,NY,10003
3696,1/31/09 18:03,Nicholas,Nardon,dqerkuile@jumpstartlab.com,(718)305-4000,2918 lerner hall 2920 broadway,New york,NY,10027
3697,1/31/09 18:06,Lilia,Farber,opurnellej@jumpstartlab.com,(718)305-4000,"18 goodwin place, #1r",Brooklyn,NY,11211
3700,1/31/09 18:08,Mikhail,Doyle,xkswer42@jumpstartlab.com,(718)305-4000,1 east 2nd st.,New york,NY,10003
3705,1/31/09 18:12,Cristina,Simpson,qaeatty@jumpstartlab.com,(718)305-4000,34-01 29th street,Astoria,NY,11106
3708,1/31/09 18:15,Robert,Kotlar,enwershift.middlebury@jumpstartlab.com,(718)305-4000,1070 dean street #3,Brooklyn,NY,11216
3714,1/31/09 18:20,Jan-erik,Bentley,fcra.difranco@jumpstartlab.com,(718)305-4000,382 7th avenue apt. 3r,Brooklyn,NY,11215
3719,1/31/09 18:24,Leah,Norton,wpuller@jumpstartlab.com,(718)305-4000,8015 grenfell st apt b17,Kew gardens,NY,11415
3722,1/31/09 18:27,Adrienne,Spector,jcehrt@jumpstartlab.com,(718)305-4000,278 sterling street,Brooklyn,NY,11225
3760,1/31/09 19:08,Mike,Maloney,ahillemsen1@jumpstartlab.com,(434)907-1000,"459 7th ave, apt 1",Brooklyn,NY,11215
3775,1/31/09 19:29,Maria,Byrnes,ihegil@jumpstartlab.com,(631)421-4000,10 watch way,Lloyd harbor,NY,11743
3798,1/31/09 19:54,Catherine,Price,soturzbrite@jumpstartlab.com,(516)557-4000,13 oak drive m4089,Hamilton,NY,13346
3839,1/31/09 20:44,David,Post,ihalpica@jumpstartlab.com,(914)479-9000,"425 e. 25 st., box 694",New york,NY,10010
3893,1/31/09 21:35,Fay,Moriarty,tundoe4@jumpstartlab.com,(408)565-5000,299 mountain rest rd,New paltz,NY,12561
3895,1/31/09 21:36,Elizabeth,Lindabury,eivaks@jumpstartlab.com,(845)323-3000,220 donlon hall,"Ithaca ny, 14853-4501",NY,14853
3899,1/31/09 21:41,Ian,Padron-aguillon,jjethinj@jumpstartlab.com,(914)837-7000,"233b flora rose house, cornell university",Ithaca,NY,14850
3938,1/31/09 22:38,Jaque,Ruskin,axoggo@jumpstartlab.com,(541)740-0000,953 danby rd. garden 25 02-2,Ithaca,NY,14850
3942,1/31/09 22:48,Ashley,Barnard,ysoe15@jumpstartlab.com,(732)503-5000,"660 stewart avenue, rm 308",Ithaca,NY,14850
3986,2/1/09 6:31,Dane,Hodgetts,ajsticalmoose@jumpstartlab.com,(917)753-7000,"1371 linden boulevard, #17c",Brooklyn,NY,11212
4002,2/1/09 9:17,Alexandra,Connery,cwpiwark@jumpstartlab.com,(516)508-2000,box 2578 10 macvittie circle,Geneseo,NY,14454
4003,2/1/09 9:19,Marilyn,Gayle,gprreth@jumpstartlab.com,(914)844-3000,22 pond hill road,Chappaqua,NY,10514
4004,2/1/09 9:26,Shelley,Skuffins,crichelej_04@jumpstartlab.com,(518)429-7000,53 church st. apt. 2a,Saratoga springs,NY,12866
4028,2/1/09 11:38,Yoji,Lau,heonnelly1@jumpstartlab.com,(512)925-1000,13 oak drive,Hamilton,NY,13346
4055,2/1/09 13:10,Glenn,Kelley,dfm244@jumpstartlab.com,(518)729-0000,box 2859 10 macvittie circle,Geneseo,NY,14454
4059,2/1/09 13:23,Emily,Duque,exirangel13@jumpstartlab.com,(310)972-8000,hofstra university,Hempstead,NY,11549
4062,2/1/09 13:33,Stephen,Goldberg,wogrun@jumpstartlab.com,(315)399-8000,"cpo box 571, 1 willard ave",Houghton,NY,14744
4074,2/1/09 13:48,Franklin,Battla,gpnkabell@jumpstartlab.com,(631)922-7000,hofstra university,Hempstead,NY,11549
4080,2/1/09 14:02,Amanda,Neas,ojr1@jumpstartlab.com,(631)355-2000,bu # 14219 po box 6014,Binghamton,NY,13902
4092,2/1/09 14:17,Elizabeth,Brown,adstel_c@jumpstartlab.com,(512)658-6000,box 0954/735 anderson hill road,Purchase,NY,10577
4094,2/1/09 14:21,Alexandra,Kvasnak,dcggie@jumpstartlab.com,(518)727-8000,bu box 14211 po box 6014,Binghamton,NY,13902
4103,2/1/09 14:31,Bianca,Alva,cnlderso@jumpstartlab.com,(914)309-3000,appt 2112c 4710 vestal pkwy e,Vestal,NY,13850
4110,2/1/09 14:36,Brittany,Nakhoda,mredney@jumpstartlab.com,(518)598-3000,bu box 14028 po box 6014,Binghamton,NY,13902
4115,2/1/09 14:40,Jean,Marrie,lfoyle@jumpstartlab.com,(914)819-8000,bu box 8524,Binghamton,NY,13902
4117,2/1/09 14:42,Amy,Wolf,lxnon2@jumpstartlab.com,(718)305-4000,45 warren st. apt# 2a,Staten island,NY,10304
4121,2/1/09 14:44,Daniel,Zick,vpane@jumpstartlab.com,(631)456-2000,bu box 14275 po box 6014,Binghamton,NY,13902
4126,2/1/09 14:51,Katie,Pelle,vlb71789@jumpstartlab.com,(540)327-3000,312 south jensen road,Vestal,NY,13850
4132,2/1/09 14:59,Andrew,Buccelli,cq263206@jumpstartlab.com,(631)258-8000,bu box 14219 po box 6014,Binghamton,NY,13902
4134,2/1/09 15:04,Lisa,Newman,fpobinson@jumpstartlab.com,(631)258-8000,bu box 14219 po box 6014,Binghamton,NY,13902
4137,2/1/09 15:11,Zach,Hessert,ot726@jumpstartlab.com,(718)213-2000,bu box 14219 po box 6014,Binghamton,NY,13902
4142,2/1/09 15:17,Oluwatoyin,Doe,fgdary@jumpstartlab.com,(718)213-2000,bu box 09510 po box 6009,Binghamton,NY,13902
4149,2/1/09 15:23,Gillian,Barnes,jhodri1@jumpstartlab.com,(718)926-7000,bu box 06126 po box 6006,Binghamton,NY,13902
4150,2/1/09 15:28,Caty,Adamczewski,uaelseyrose07@jumpstartlab.com,(718)926-7000,bu box 14219 po box 6014,Binghamton,NY,13902
4155,2/1/09 15:35,Michaela,Shweitzer,xeafri@jumpstartlab.com,(607)242-6000,515 riverside drive,Johnson city,NY,13902
4167,2/1/09 16:02,Mary,Gray,fuushma1@jumpstartlab.com,(716)812-2000,3710 main street,Amherst,NY,14226
4171,2/1/09 16:08,Jennifer,Wiemken,fwooper@jumpstartlab.com,(716)812-2000,230 riverside dr. apt. #phj,New york,NY,10025
4176,2/1/09 16:17,Caitlin,Blaszczak,khndra.higgins@jumpstartlab.com,(716)812-2000,38 lisbon ave.,Buffalo,NY,14214
4180,2/1/09 16:21,Valerie,Sam,aaobinson12@jumpstartlab.com,(716)812-2000,1335 millersport highway apt. 6,Williamsville,NY,14221
4181,2/1/09 16:21,Cory,Siohan,tmst123@jumpstartlab.com,(716)417-0000,6396 ridge rd.,Lockport,NY,14094
4188,2/1/09 16:25,X,Rohe,xdonnell@jumpstartlab.com,(716)812-2000,205 bc south lake village,Amherst,NY,14261
4193,2/1/09 16:30,Tate,Harty,jshope@jumpstartlab.com,(716)812-2000,7 clinton st.,Dansville,NY,14437
4196,2/1/09 16:34,Beth,Lekies,dvmcke@jumpstartlab.com,(716)812-2000,3710 main st.,Amherst,NY,14226
4202,2/1/09 16:38,Molly,Rothkopf,tvwoods@jumpstartlab.com,(716)812-2000,371 student union,Amherst,NY,14261
4208,2/1/09 16:41,James,Galatioto,oslly.mcglinchey@jumpstartlab.com,(716)812-2000,371 student union,Amherst,NY,14261
4212,2/1/09 16:45,Hilary,Rawlins,lqika.zarowin@jumpstartlab.com,(716)812-2000,78 cresthill ave.,Tonawanda,NY,14150
4217,2/1/09 16:50,Thomas,Smith,vsss.wall@jumpstartlab.com,(716)812-2000,371 student union,Amherst,NY,14261
4228,2/1/09 16:59,Emma,Mink,corancisci@jumpstartlab.com,(206)617-8000,411 thurston ave,Ithaca,NY,14850
4241,2/1/09 17:10,Claire,Roche,ahmbroselli@jumpstartlab.com,(917)930-0000,244 front st apt 3r,Ny,NY,10038
4256,2/1/09 17:22,Myles,Born,xk852@jumpstartlab.com,(716)462-7000,278 paradise road,East amherst,NY,14051
4262,2/1/09 17:29,Megan,Holt,xmunlap@jumpstartlab.com,(716)725-7000,10 macvittie circle box 5111,Geneseo,NY,14454
4263,2/1/09 17:30,Brittany,Glassman,vrms2@jumpstartlab.com,(716)462-7000,289 fruitwood terrace,Williamsville,NY,14221
4269,2/1/09 17:37,Kirsten,Van tassel,uiedmonds@jumpstartlab.com,(716)597-7000,"350 student union, university at buffalo",Buffalo,NY,14260
4274,2/1/09 17:42,Eamon,Doran,sfex.berkun@jumpstartlab.com,(716)622-5000,"350 student union, university at buffalo",Buffalo,NY,14260
4280,2/1/09 17:47,John,Fox,lqn1@jumpstartlab.com,(716)868-9000,"350 student union, university at buffalo",Buffalo,NY,14260
4282,2/1/09 17:51,Joshua,Ramsey,byasters@jumpstartlab.com,(585)802-9000,"350 student union, university at buffalo",Buffalo,NY,14260
4289,2/1/09 17:55,Morgan,Knee,xbk4@jumpstartlab.com,(315)569-4000,"350 student union, university at buffalo",Buffalo,NY,14260
4299,2/1/09 18:00,Levana,Peng,ol288408@jumpstartlab.com,(845)826-5000,"350 student union, university at buffalo",Buffalo,NY,14260
4305,2/1/09 18:04,Corrie,Boreham,jr7957@jumpstartlab.com,(716)785-5000,"350 student union, university at buffalo",Buffalo,NY,14260
4312,2/1/09 18:08,Carl,Wishart,urgr0263@jumpstartlab.com,(716)836-5000,246 raschelle park,Tonawanda,NY,14150
4317,2/1/09 18:13,Russell,Zemskova,rvhuhn@jumpstartlab.com,(585)746-9000,51 center st. apt 2,Geneseo,NY,14454
4323,2/1/09 18:16,Hope,Baker,xuuren.korn@jumpstartlab.com,(480)577-5000,"dutch box 959, 1400 washington ave",Albany,NY,12222
4353,2/1/09 18:50,Jenny,Moore,kdhafer@jumpstartlab.com,(631)806-7000,308 wait ave,Ithaca,NY,14850
4394,2/1/09 19:23,Nelle,Levinson,hlrye@jumpstartlab.com,(845)926-2000,79 main st.,Geneseo,NY,14454
4395,2/1/09 19:24,Connor,Lanning,lnellfry@jumpstartlab.com,(518)810-9000,10 macvittie circle,Geneseo,NY,14454
4418,2/1/09 19:40,Tara,Ravichandran,upkelley@jumpstartlab.com,(860)839-3000,box 0524 10 macvittie circle,Geneseo,NY,14454
4432,2/1/09 19:50,Lee,Parent,ugtlin@jumpstartlab.com,(516)384-2000,16 court st.,Geneseo,NY,14454
4445,2/1/09 19:57,Kyle,Castricano,xacklejuice109@jumpstartlab.com,(516)384-2000,box 3009,10 macvittie cirlcle,NY,14454
4474,2/1/09 20:12,Mitchell,Leonard,hwuzek@jumpstartlab.com,(518)810-9000,10 macvittie circle,Geneseo,NY,14454
4503,2/1/09 20:28,Ryan,Mccabe,ange@jumpstartlab.com,(518)810-9000,10 macvittie circle,Geneseo,NY,14454
4596,2/1/09 21:15,Chris,Kimmerle,sincetim@jumpstartlab.com,(585)489-7000,43 devonwood lane,Pittsford,NY,14534
4727,2/1/09 22:03,Avery,Feuer,dpens_j@jumpstartlab.com,(716)462-7000,184 farnum lane,Rochester,NY,14623
4839,2/1/09 23:00,Joey,Waterfield,keele@jumpstartlab.com,(917)345-4000,55 cape henry trail,West henrietta,NY,14586
4850,2/1/09 23:07,Majestic,Rhea,ftssy.rivas@jumpstartlab.com,(315)481-9000,"bray 312, 1999 burdett ave.",Troy,NY,12180
4853,2/1/09 23:08,Carmen,Tay,ccittni.parris@jumpstartlab.com,(845)489-4000,312 north geneva st. apt #5,Ithaca,NY,14850
4865,2/1/09 23:11,Robin,Merriam,hpe.etsu@jumpstartlab.com,(201)577-2000,315 seigel street apt. 104,Brooklyn,NY,11206
4871,2/1/09 23:13,Kathryn,Cox,pwmcgr06@jumpstartlab.com,(917)399-6000,1728 highland ave.,Troy,NY,00000
4876,2/1/09 23:15,Chelsea,Banerjee,jalaws_c@jumpstartlab.com,(631)365-9000,78 lake ave.,St. james,NY,11780
4899,2/1/09 23:24,Hayley,Cohen,lqbodnar@jumpstartlab.com,(267)886-4000,122 old road,Germantown,NY,12526
4900,2/1/09 23:24,Sarah,Herring,ofairbushmancolby@jumpstartlab.com,(646)339-9000,"nason 205, 1999 burdett ave.",Troy,NY,12180
4910,2/1/09 23:27,Kenyatta,Bucceri,vpgatreenow@jumpstartlab.com,(415)669-2000,315 seigel street. apt. 104,Brooklyn,NY,11206
4912,2/1/09 23:27,Calvin,Knowlton,hsrown47@jumpstartlab.com,(607)229-2000,308 wait ave.,Ithaca,NY,14850
4916,2/1/09 23:29,Felicia,Charest,frurdoch@jumpstartlab.com,(201)577-2000,315 seigel street,Brooklyn,NY,11206
4921,2/1/09 23:30,John,Mceachern,lqorej8@jumpstartlab.com,(914)325-1000,"1 rivermere, apt. 1b",Bronxville,NY,10708
4924,2/1/09 23:30,Tyler,Kollen,kyhndoe4@jumpstartlab.com,(201)577-2000,315 seigel street,Brooklyn,NY,11206
4925,2/1/09 23:31,Alex,Pickard,lwpratt@jumpstartlab.com,(518)810-9000,10 macvittie circle,Geneseo,NY,14454
4928,2/1/09 23:31,Kyle,Schechter,hrorse4390@jumpstartlab.com,(201)577-2000,315 seigel street,Brooklyn,NY,11206
4930,2/1/09 23:32,Amanda,Moore,wpw10@jumpstartlab.com,(802)287-4000,30 hollister rd,Freeville,NY,13068
4931,2/1/09 23:32,Abigail,Dodge,xberolli2382@jumpstartlab.com,(201)577-2000,315 seigel street,Brooklyn,NY,11206
4935,2/1/09 23:33,Joy,Malfroid,dsingate@jumpstartlab.com,(201)577-2000,315 seigel street,Brooklyn,NY,11206
4937,2/1/09 23:34,Kris,Shulman,lxren2749@jumpstartlab.com,(201)577-2000,315 seigel street,Brooklyn,NY,11206
4939,2/1/09 23:34,Katy,Minhas,tqrokken@jumpstartlab.com,(201)577-2000,315 seigel street,Brooklyn,NY,11206
4942,2/1/09 23:34,Ryan,Carter,cv1090@jumpstartlab.com,(201)577-2000,315 seigel street,Brooklyn,NY,11206
4943,2/1/09 23:35,Courtney,Tepper,ixrosmk08@jumpstartlab.com,(201)577-2000,315 seigel street,Brooklyn,NY,11206
4945,2/1/09 23:35,Teri,Spathas,okremyblomberg@jumpstartlab.com,(201)577-2000,315 seigel street,Brooklyn,NY,11206
4947,2/1/09 23:36,Rivers,Cook,gumerosa@jumpstartlab.com,(201)577-2000,315 seigel street,Brooklyn,NY,11206
4948,2/1/09 23:36,Daniel,Suk,bmyforth08@jumpstartlab.com,(802)287-4000,1263 ledge hill road,Westport,NY,12993
4949,2/1/09 23:36,Marshall,Panesso,lass@jumpstartlab.com,(201)577-2000,315 seigel street apt. 104,Brooklyn,NY,11206
4955,2/1/09 23:38,Timmie,Nester,homaans@jumpstartlab.com,(617)548-7000,"bard college, po box 5000",Annandale-on-hudson,NY,12504
4966,2/1/09 23:41,Tori,Duncan,dhannonkuhn@jumpstartlab.com,(607)229-6000,2291 perry city road,Ithaca,NY,14850
4982,2/1/09 23:48,Nairuti,Dornfeld,oeamor2@jumpstartlab.com,(802)287-4000,3 lensiue ct,Dix hills,NY,11746
5001,2/1/09 23:55,Maggie,Monrreal,exstpeachee@jumpstartlab.com,(802)287-8000,po box 511 14 worthy way,Shelther island,NY,11964
5013,2/2/09 0:00,Aditi,Bellino,ogtrain9326@jumpstartlab.com,(717)440-2000,308 wait ave,Ithaca,NY,14850
5034,2/2/09 0:09,Katherine,Blanton,qxnova48@jumpstartlab.com,(484)832-6000,108 station rd,Great neck,NY,11023
5039,2/2/09 0:13,Anna,Doe,yte.gross@jumpstartlab.com,(484)832-6000,bard college po box 5000,Annandale,NY,12504
5041,2/2/09 0:16,Alyssa,Berger,irfeffe@jumpstartlab.com,(484)832-6000,bard college msc 1411,Annandale,NY,12504
5045,2/2/09 0:20,Maggie,Hoffman,nythorp@jumpstartlab.com,(484)832-6000,47 e. 87th st.,New york,NY,10128
5046,2/2/09 0:20,Amancio,Doe,tfowma34@jumpstartlab.com,(802)287-4000,5865 southgate drive,Auburn,NY,13021
5054,2/2/09 0:26,Maia,O'malley,fxtrahan@jumpstartlab.com,(484)832-6000,30 campus rd,Annadale,NY,12504
5058,2/2/09 0:28,John,Wells,slnielleariel@jumpstartlab.com,(585)451-2000,2 vineyard hill,Fairport,NY,14450
5076,2/2/09 0:59,Shira,Lupine,yhhanna_douglas@jumpstartlab.com,(845)489-2000,box 2912 124 raymond ave,Poughkeepsie,NY,12604
5079,2/2/09 1:03,Jeff,Pasqualoni,tgaykin@jumpstartlab.com,(406)570-0000,box 3197 124 raymond ave,Poughkeepsie,NY,12604
5082,2/2/09 1:09,Dan,Pan,eforowit@jumpstartlab.com,(818)264-6000,box 3097 124 raymond ave,Poughkeepsie,NY,12604
5083,2/2/09 1:15,Desirea,Holcomb,fmast88@jumpstartlab.com,(913)568-9000,box 1630 124 raymond ave,Poughkeepsie,NY,12604
5085,2/2/09 1:20,Joanna,Nwoga,xstresing@jumpstartlab.com,(781)254-9000,"box 2942, 124 raymond ave",Poughkeepsie,NY,12604
5087,2/2/09 1:27,Dj jazzy,Hornick,kprah.vig@jumpstartlab.com,(267)402-0000,box 2388  vassar college 124 raymond ave,Poughkeepsie,NY,12604
5089,2/2/09 1:32,Tevyn (kelly),Butler,deborah_lipson@jumpstartlab.com,(973)493-5000,124 raymond ave. vassar college box 1676,Poughkeepsie,NY,12604
5093,2/2/09 1:38,Chris,Page,vmang5@jumpstartlab.com,(845)325-1000,124 raymond ave,Poughkeepsie,NY,12604
5096,2/2/09 1:43,Jennifer,Bagga,ywndoe2@jumpstartlab.com,(805)801-0000,box 2098 124 raymond ave,Poughkeepsie,NY,12604
5099,2/2/09 1:47,Elyse,Alizadeh choobari,qlrier@jumpstartlab.com,(415)300-6000,box 2064 124 raymond ave.,Poughkeepsie,NY,12604
5131,2/2/09 9:02,Amanda,Booth,qknekb@jumpstartlab.com,(650)222-5000,308 wait ave,Ithaca,NY,14850
